{"cameraMode":{"drawMode":0,"name":"Shaded","section":"Shading Mode"},"sceneLighting":true,"audioPlay":false,"sceneViewState":{"showFog":true,"showMaterialUpdate":false,"showSkybox":true,"showFlares":true,"showImageEffects":true,"showParticleSystems":true},"in2DMode":false,"pivot":{"x":44.86593246459961,"y":7.879591464996338,"z":11.343863487243653},"rotation":{"x":-0.10279227793216706,"y":-0.8951709270477295,"z":0.3369443714618683,"w":-0.2730891704559326},"size":6.659783840179443,"orthographic":true}