{"cameraMode":{"drawMode":0,"name":"Shaded","section":"Shading Mode"},"sceneLighting":true,"audioPlay":false,"sceneViewState":{"showFog":true,"showMaterialUpdate":false,"showSkybox":true,"showFlares":true,"showImageEffects":true,"showParticleSystems":true},"in2DMode":false,"pivot":{"x":-171.50701904296876,"y":-91.99531555175781,"z":13.931535720825196},"rotation":{"x":0.18840378522872926,"y":-0.6717481017112732,"z":0.18308205902576447,"w":0.6927211284637451},"size":131.7296905517578,"orthographic":false}