{"cameraMode":{"drawMode":0,"name":"Shaded","section":"Shading Mode"},"sceneLighting":true,"audioPlay":false,"sceneViewState":{"showFog":true,"showMaterialUpdate":false,"showSkybox":true,"showFlares":true,"showImageEffects":true,"showParticleSystems":true},"in2DMode":false,"pivot":{"x":-352.55609130859377,"y":-202.65826416015626,"z":39.705806732177737},"rotation":{"x":0.1810949146747589,"y":-0.6738322973251343,"z":0.17603909969329835,"w":0.694446325302124},"size":245.3473358154297,"orthographic":false}